{"sections":{"icons_bar":{"type":"icons-bar","blocks":{"icon-bar-1":{"type":"icon","settings":{"icon":"truck","text":"<p><b>ITEM BAR TITLE<\/b><\/p><p>Share shipping, delivery, policy information.<\/p>"}},"icon-bar-2":{"type":"icon","settings":{"icon":"clock","text":"<p><b>ITEM BAR TITLE<\/b><\/p><p>Share shipping, delivery, policy information.<\/p>"}},"icon-bar-3":{"type":"icon","settings":{"icon":"calendar","text":"<p><b>ITEM BAR TITLE<\/b><\/p><p>Share shipping, delivery, policy information.<\/p>"}},"icon-bar-4":{"type":"icon","settings":{"icon":"clipboard-check","text":"<p><b>ITEM BAR TITLE<\/b><\/p><p>Share shipping, delivery, policy information.<\/p>"}}},"block_order":["icon-bar-1","icon-bar-2","icon-bar-3","icon-bar-4"],"settings":{}},"collection":{"type":"main-collection","blocks":{"title":{"type":"title","settings":{}},"image":{"type":"image","settings":{}},"description":{"type":"description","settings":{}},"featured":{"type":"featured","settings":{}},"filters":{"type":"filters","settings":{}},"products":{"type":"products","settings":{}}},"block_order":["title","image","featured","filters","products","description"],"settings":{}}},"order":["collection","icons_bar"]}