{"sections":{"image_slider":{"type":"slideshow","blocks":{"red":{"type":"image","settings":{"title":"Image","link":"#\/","content_title":"Image Banner","description":"Give customers details about the banner image(s) or content on the template","button_title":"Shop Now","slideshow_content_position":"left","slideshow_content_background":"#D4D8DA","slideshow_content_background_opacity":95,"slideshow_content_button_background":"#E13124"}},"blue":{"type":"image","settings":{"title":"Image","link":"#\/","content_title":"Image Banner","description":"Give customers details about the banner image(s) or content on the template","button_title":"Shop Now","slideshow_content_position":"left","slideshow_content_background":"#D4D8DA","slideshow_content_background_opacity":95,"slideshow_content_button_background":"#1b7cfa"}},"green":{"type":"image","settings":{"title":"Image","link":"#\/","content_title":"Image Banner","description":"Give customers details about the banner image(s) or content on the template","button_title":"Shop Now","slideshow_content_position":"left","slideshow_content_background":"#D4D8DA","slideshow_content_background_opacity":95,"slideshow_content_button_background":"#1e8060"}},"black":{"type":"image","settings":{"title":"Image","link":"#\/","content_title":"Image Banner","description":"Give customers details about the banner image(s) or content on the template","button_title":"Shop Now","slideshow_content_position":"left","slideshow_content_background":"#D4D8DA","slideshow_content_background_opacity":95,"slideshow_content_button_background":"#000000"}}},"block_order":["red","blue","green","black"],"settings":{"loop":true,"autoplay":false,"delay":"10","pagination":true,"slider_preload_first":true,"slider_btns_color":"#ffffff"}},"highlight-magazine-headphones":{"type":"featured-collection","settings":{"title":"Collection Title","collection":"all","swipe_on_mobile":true,"add_cover":true,"cover_background":"#1c73f5","cover_background_gradient":"","cover_button_background":"#ffffff"}},"highlight-magazine-smartphones":{"type":"featured-collection","settings":{"title":"Collection Title","collection":"all","swipe_on_mobile":true,"add_cover":true,"cover_background":"#E13124","cover_background_gradient":"","cover_button_background":"#ffffff"}},"highlight-magazine-activity":{"type":"featured-collection","settings":{"title":"Collection Title","collection":"all","swipe_on_mobile":true,"add_cover":true,"cover_background":"#1e8060","cover_background_gradient":"","cover_button_background":"#ffffff"}},"favourite_products":{"type":"featured-collection","settings":{"title":"Our favourite products","collection":"all","products_to_show":5,"products_per_row":5,"swipe_on_mobile":true,"view_all_appearance":"link"}},"our_collections":{"type":"our-list-collections","settings":{"heading":"Browse our collections"}},"modern_gadgets":{"type":"image-with-text","blocks":{"title":{"type":"heading","settings":{"heading":"Image with text"}},"content":{"type":"text","settings":{"text":"<p>Pair text with an image to focus on your chosen product, collection, or blog post.<p>"}},"action":{"type":"button","settings":{"button_label":"View all"}}},"block_order":["title","content","action"],"settings":{"two_column_layout":true}},"featured_recent_posts":{"type":"featured-blog","blocks":{"post_title":{"type":"title","settings":{}},"post_content":{"type":"summary","settings":{"truncate_words":"10"}}},"block_order":["post_title","post_content"],"settings":{"heading":"Featured recent posts","blog":"news","post_limit":3}},"border_separator":{"type":"separator","settings":{}},"about_store":{"type":"rich-text","blocks":{"title":{"type":"heading","settings":{"heading":"About ChargeShop","heading_size":"h2"}},"content":{"type":"text","settings":{"text":"<p>Talk about your shop. Share information about your shop with your customers. Describe a product, make announcements.<\/p>"}},"button":{"type":"button","settings":{}}},"block_order":["title","content","button"],"settings":{}},"home-brands-slider":{"type":"slideshow","blocks":{"sony":{"type":"image","settings":{"title":"Image","link":"#\/"}},"apple":{"type":"image","settings":{"title":"Image","link":"#\/"}},"garmin":{"type":"image","settings":{"title":"Image","link":"#\/"}},"htc":{"type":"image","settings":{"title":"Image","link":"#\/"}},"intel":{"type":"image","settings":{"title":"Image","link":"#\/"}},"motorola":{"type":"image","settings":{"title":"Image","link":"#\/"}},"nike":{"type":"image","settings":{"title":"Image","link":"#\/"}},"samsung":{"type":"image","settings":{"title":"Image","link":"#\/"}}},"block_order":["sony","apple","garmin","htc","intel","motorola","nike","samsung"],"settings":{"color_bg":"#ffffff","loop":true,"autoplay":true,"delay":"10","slides_per_view":"7","slide_height":"auto","navigation":true,"slider_btns_color":"#000000"}},"home-banners-1":{"type":"multicolumn","blocks":{"col-1":{"type":"column","settings":{"title":"Banner Title","sub_title":"Up to 50% off","text":"<p>Describe a product, make announcements.<\/p>","image_spaced":false,"add_cover":true,"cover_background":"#E13124","cover_background_gradient":"","color_title":"#ffffff","color_text":"#ffffff","bg_color_subtitle":"#2e2e2e","subtitle_background_gradient":""}},"col-2":{"type":"column","settings":{"title":"Banner Title","sub_title":"Up to 80% off","text":"<p>Describe a product, make announcements.<\/p>","image_spaced":false,"add_cover":true,"cover_background":"#101824","cover_background_gradient":"","color_title":"#ffffff","color_text":"#ffffff","bg_color_subtitle":"#106ff0","subtitle_background_gradient":""}}},"block_order":["col-1","col-2"],"settings":{"title":"","column_alignment":"left","column_direction":"row-reverse","button_label":""}},"icons_bar":{"type":"icons-bar","blocks":{"icon-bar-1":{"type":"icon","settings":{"icon":"truck","text":"<p><b>ITEM BAR TITLE<\/b><\/p><p>Share shipping, delivery, policy information.<\/p>"}},"icon-bar-2":{"type":"icon","settings":{"icon":"clock","text":"<p><b>ITEM BAR TITLE<\/b><\/p><p>Share shipping, delivery, policy information.<\/p>"}},"icon-bar-3":{"type":"icon","settings":{"icon":"calendar","text":"<p><b>ITEM BAR TITLE<\/b><\/p><p>Share shipping, delivery, policy information.<\/p>"}},"icon-bar-4":{"type":"icon","settings":{"icon":"clipboard-check","text":"<p><b>ITEM BAR TITLE<\/b><\/p><p>Share shipping, delivery, policy information.<\/p>"}}},"block_order":["icon-bar-1","icon-bar-2","icon-bar-3","icon-bar-4"],"settings":{}}},"order":["image_slider","icons_bar","home-banners-1","highlight-magazine-headphones","highlight-magazine-smartphones","highlight-magazine-activity","favourite_products","our_collections","modern_gadgets","featured_recent_posts","border_separator","about_store","home-brands-slider"]}