{"sections":{"main":{"type":"main-page","settings":{}},"form":{"type":"contact-form","blocks":{"block-1":{"type":"contact_us","settings":{}},"block-2":{"type":"location","settings":{}}},"block_order":["block-1","block-2"],"settings":{}},"icons_bar":{"type":"icons-bar","blocks":{"icon-bar-1":{"type":"icon","settings":{"icon":"truck","text":"<p><b>ITEM BAR TITLE<\/b><\/p><p>Share shipping, delivery, policy information.<\/p>"}},"icon-bar-2":{"type":"icon","settings":{"icon":"clock","text":"<p><b>ITEM BAR TITLE<\/b><\/p><p>Share shipping, delivery, policy information.<\/p>"}},"icon-bar-3":{"type":"icon","settings":{"icon":"calendar","text":"<p><b>ITEM BAR TITLE<\/b><\/p><p>Share shipping, delivery, policy information.<\/p>"}},"icon-bar-4":{"type":"icon","settings":{"icon":"clipboard-check","text":"<p><b>ITEM BAR TITLE<\/b><\/p><p>Share shipping, delivery, policy information.<\/p>"}}},"block_order":["icon-bar-1","icon-bar-2","icon-bar-3","icon-bar-4"],"settings":{}}},"order":["main","form","icons_bar"]}