{"name":"t:sections.footer.name","type":"footer","sections":{"footer":{"type":"footer","blocks":{"footer-contacts":{"type":"footer-contacts","settings":{"color_bg":"#101824","color_fg":"#ffffff","image_show":true,"image":"shopify:\/\/shop_images\/Photoroom-20240225_075704.webp","image_width":192,"image_align":"bottom","address":"<p><strong>Bilfreak AS<\/strong><\/p><p>Smedgata 12 B<\/p><p>3717 Porsgrunn<\/p><p>Vestfold og Telemark<\/p><p>Norge \/ Norway<\/p>","show_email":true,"show_phone":true,"show_newsletter":true}},"menu-1":{"type":"menu","disabled":true,"settings":{"title":"Quick links","menu":"footer"}},"menu-2":{"type":"menu","disabled":true,"settings":{"title":"Quick links","menu":"footer"}},"menu-3":{"type":"menu","disabled":true,"settings":{"title":"Quick links","menu":"footer"}},"menu-4":{"type":"menu","disabled":true,"settings":{"title":"Quick links","menu":"footer"}}},"block_order":["footer-contacts","menu-1","menu-2","menu-3","menu-4"],"settings":{"full_width":false,"show_policy":true,"follow_on_shop":true,"payment_enable":true,"custom_payment_icon":"","control_icon_width":60,"animation_on_reveal":true}}},"order":["footer"]}