{"name":"t:sections.footer.name","type":"footer","sections":{"footer":{"type":"footer","blocks":{"footer-contacts":{"type":"footer-contacts","settings":{"color_bg":"#101824","color_fg":"#ffffff","image_show":true,"image_width":170,"image_align":"top","address":"<p>Fifth Ave Street 31<br \/>New York<br \/>USA<\/p>","show_email":true,"show_phone":true,"show_newsletter":true}},"menu-1":{"type":"menu","disabled":true,"settings":{"title":"Quick links","menu":"footer"}},"menu-2":{"type":"menu","disabled":true,"settings":{"title":"Quick links","menu":"footer"}},"menu-3":{"type":"menu","disabled":true,"settings":{"title":"Quick links","menu":"footer"}},"menu-4":{"type":"menu","disabled":true,"settings":{"title":"Quick links","menu":"footer"}}},"block_order":["footer-contacts","menu-1","menu-2","menu-3","menu-4"],"settings":{"full_width":false,"show_policy":false,"follow_on_shop":false,"payment_enable":true,"custom_payment_icon":"","control_icon_width":60,"animation_on_reveal":false}}},"order":["footer"]}