{"name":"t:sections.header.name","type":"header","sections":{"header_top":{"type":"header-top","settings":{"full_width":true,"message":"✔️ Stort Varelager i Norge ✔️ Montering av Bilstereo ✔️ Personlig Service ✔️ Rask Levering","show_phone":true,"show_email":true,"add_border_bottom":true}},"header":{"type":"header","settings":{"full_width":false,"logo":"shopify:\/\/shop_images\/Bilfreak_AS_logo.webp","logo_width":150,"dislay_shopname_on_mobile":true,"show_switcher_language":true,"show_switcher_country":false,"enable_sticky_header":true,"add_border_searchfield":false,"add_border_bottom":true,"menu":"main-menu","use_slideout_menu":false,"second_level_menu_width":"full-width","megamenu_items":"","smallmenu_items":"","activate_top_level_menu":"on_hover","first_item_bg_highlighted":true,"enable_dropdown_menu_animation":false,"show_overlay":true,"show_collection_icon":false,"collection_icon_width":30,"collection_icon_possition":"center","show_collection_image":false,"main_items_per_row":6,"second_dropdown_limit_qty_categories_link":"Se alle","second_dropdown_limit_qty_categories":20}},"breadcrumbs":{"type":"breadcrumbs","settings":{"show_breadcrumbs_on_mobile":true}},"announcement":{"type":"announcement-bar","blocks":{"announcement_HnFfGf":{"type":"announcement","settings":{"text":"","color_scheme":"accent-1","link":"","link_target":"_no"}}},"block_order":["announcement_HnFfGf"],"settings":{}},"separator_jBYfzM":{"type":"separator","settings":{"border_height":1,"border_color":""}}},"order":["header_top","header","breadcrumbs","announcement","separator_jBYfzM"]}