[
    {
        "name": "theme_info",
        "theme_name": "Charge",
        "theme_version": "2.3.0",
        "theme_author": "Swissuplabs",
        "theme_documentation_url": "https://shopify.swissuplabs.com/",
        "theme_support_url": "https://shopify.swissuplabs.com/hc/en-us"
    },
    {
        "name": "t:settings_schema.general.name",
        "settings": [
            {
                "type": "select",
                "id": "check_theme_style",
                "label": "t:settings_schema.general.settings.check_theme_style.label",
                "info": "t:settings_schema.general.settings.check_theme_style.info",
                "options": [
                    {
                        "value": "default",
                        "label": "t:settings_schema.general.settings.check_theme_style.options.default"
                    },
                    {
                        "value": "light",
                        "label": "t:settings_schema.general.settings.check_theme_style.options.light"
                    }
                ]
            },
            {
                "type": "image_picker",
                "id": "favicon",
                "label": "t:settings_schema.general.settings.favicon.label",
                "info": "t:settings_schema.general.settings.favicon.info"
            },
            {
                "type": "checkbox",
                "id": "superscript_decimals",
                "label": "t:settings_schema.general.settings.price_superscript_decimals.label"
            },
            {
                "type": "checkbox",
                "id": "show_swatch_colors",
                "label": "t:settings_schema.general.settings.show_swatch_colors.label",
                "info": "t:settings_schema.general.settings.show_swatch_colors.info"
            },
            {
                "type": "checkbox",
                "id": "scroll_top_enabled",
                "label": "t:settings_schema.general.settings.scroll_top_enabled.label"
            },
            {
                "type": "checkbox",
                "id": "animation_on_reveal",
                "label": "t:settings_schema.general.settings.animation_on_reveal.label",
                "info": "t:settings_schema.general.settings.animation_on_reveal.info"
            }
        ]
    },
    {
        "name": "t:settings_schema.header.name",
        "settings": [
            {
                "type": "select",
                "id": "logo_position",
                "label": "t:settings_schema.header.settings.logo_position.label",
                "options": [
                    {
                        "value": "left",
                        "label": "t:settings_schema.header.settings.logo_position.options.left"
                    },
                    {
                        "value": "middle",
                        "label": "t:settings_schema.header.settings.logo_position.options.middle"
                    }
                ]
            },
            {
                "type": "checkbox",
                "id": "show_search_icon_only",
                "label": "t:settings_schema.header.settings.show_search_icon_only.label"
            },
            {
                "type": "checkbox",
                "id": "show_login_icon_on_mobile",
                "label": "t:settings_schema.header.settings.show_login_icon_on_mobile.label"
            },
            {
                "type": "checkbox",
                "id": "show_switcher_language_flag",
                "label": "t:settings_schema.header.settings.show_switcher_language_flag.label"
            }
        ]
    },
    {
        "name": "t:settings_schema.cookie-banner.name",
        "settings": [
            {
                "type": "checkbox",
                "id": "cookie_banner_enabled",
                "label": "t:settings_schema.cookie-banner.settings.cookie_banner_enabled.label",
                "info": "t:settings_schema.cookie-banner.settings.cookie_banner_enabled.info",
                "default": false
            },
            {
                "type": "richtext",
                "id": "cookie_banner_title",
                "label": "t:settings_schema.cookie-banner.settings.cookie_banner_title.label",
                "default": "<p><b>Allow cookies?</b></p><p>We use cookies to improve your experience on our website. By using our website, you consent to our use of cookies. </p>"
            },
            {
                "type": "checkbox",
                "id": "cookie_banner_link_to_privacy_page_enabled",
                "label": "t:settings_schema.cookie-banner.settings.cookie_banner_link_to_privacy_page_enabled.label",
                "default": true
            },
            {
                "type": "url",
                "id": "privacy_page_url",
                "label": "t:settings_schema.cookie-banner.settings.privacy_page_url.label",
                "info": "t:settings_schema.cookie-banner.settings.privacy_page_url.info"
            },
            {
                "type": "text",
                "id": "cookie_banner_lifetime",
                "label": "t:settings_schema.cookie-banner.settings.cookie_banner_lifetime.label",
                "default": "90"
            }
        ]
    },
    {
        "name": "t:settings_schema.colors.name",
        "settings": [
            {
                "type": "header",
                "content": "t:settings_schema.colors.settings.header__1.content"
            },
            {
                "type": "color",
                "id": "colors_accent_1",
                "label": "t:settings_schema.colors.settings.colors_accent_1.label",
                "info": "t:settings_schema.colors.settings.colors_accent_1.info"
            },
            {
                "type": "color",
                "id": "colors_accent_1_inverse",
                "label": "t:settings_schema.colors.settings.colors_accent_1_inverse.label",
                "info": "t:settings_schema.colors.settings.colors_accent_1_inverse.info"
            },
            {
                "type": "color",
                "id": "colors_accent_2",
                "label": "t:settings_schema.colors.settings.colors_accent_2.label"
            },
            {
                "type": "color",
                "id": "colors_accent_2_inverse",
                "label": "t:settings_schema.colors.settings.colors_accent_2_inverse.label"
            },
            {
                "type": "header",
                "content": "t:settings_schema.colors.settings.header__2.content"
            },
            {
                "type": "color",
                "id": "colors_text",
                "label": "t:settings_schema.colors.settings.colors_text.label"
            },
            {
                "type": "color",
                "id": "colors_link",
                "label": "t:settings_schema.colors.settings.colors_link.label"
            },
            {
                "type": "color",
                "id": "colors_final_price",
                "label": "t:settings_schema.colors.settings.colors_final_price.label"
            },
            {
                "type": "color",
                "id": "colors_background_1",
                "label": "t:settings_schema.colors.settings.colors_background_1.label"
            },
            {
                "type": "color",
                "id": "colors_background_2",
                "label": "t:settings_schema.colors.settings.colors_background_2.label"
            },
            {
                "type": "color_background",
                "id": "colors_background_gradient",
                "label": "t:settings_schema.colors.settings.colors_background_gradient.label"
            },
            {
                "type": "header",
                "content": "t:settings_schema.colors.settings.header__3.content"
            },
            {
                "type": "color",
                "id": "colors_header_text",
                "label": "t:settings_schema.colors.settings.colors_header_text.label"
            },
            {
                "type": "color",
                "id": "colors_header_background",
                "label": "t:settings_schema.colors.settings.colors_header_background.label"
            },
            {
                "type": "color_background",
                "id": "colors_header_background_gradient",
                "label": "t:settings_schema.colors.settings.colors_header_background_gradient.label"
            },
            {
                "type": "color",
                "id": "colors_header_dd_background",
                "label": "t:settings_schema.colors.settings.colors_header_dd_background.label"
            },
            {
                "type": "color",
                "id": "colors_header_dd_text",
                "label": "t:settings_schema.colors.settings.colors_header_dd_text.label"
            },
            {
                "type": "color",
                "id": "colors_header_dd_third_level_background",
                "label": "t:settings_schema.colors.settings.colors_header_dd_third_level_background.label"
            },
            {
                "type": "color",
                "id": "colors_header_dd_third_level_text",
                "label": "t:settings_schema.colors.settings.colors_header_dd_third_level_text.label"
            },
            {
                "type": "header",
                "content": "t:settings_schema.colors.settings.header__4.content"
            },
            {
                "type": "color",
                "id": "colors_footer_background",
                "label": "t:settings_schema.colors.settings.colors_footer_background.label"
            },
            {
                "type": "color_background",
                "id": "colors_footer_contacts_background_gradient",
                "label": "t:settings_schema.colors.settings.colors_footer_contacts_background_gradient.label",
                "info": "t:settings_schema.colors.settings.colors_footer_contacts_background_gradient.info"
            },
            {
                "type": "color_background",
                "id": "colors_footer_background_gradient",
                "label": "t:settings_schema.colors.settings.colors_footer_background_gradient.label",
                "info": "t:settings_schema.colors.settings.colors_footer_background_gradient.info"
            },
            {
                "type": "color",
                "id": "colors_footer_foreground",
                "label": "t:settings_schema.colors.settings.colors_footer_foreground.label"
            },
            {
                "type": "header",
                "content": "t:settings_schema.colors.settings.header__5.content"
            },
            {
                "type": "color",
                "id": "colors_badge_custom_background",
                "label": "t:settings_schema.colors.settings.colors_badge_custom_background.label"
            },
            {
                "type": "color",
                "id": "colors_badge_custom_foreground",
                "label": "t:settings_schema.colors.settings.colors_badge_custom_foreground.label"
            },
            {
                "type": "color",
                "id": "colors_badge_sale_background",
                "label": "t:settings_schema.colors.settings.colors_badge_sale_background.label"
            },
            {
                "type": "color_background",
                "id": "colors_badge_sale_background_gradient",
                "label": "t:settings_schema.colors.settings.colors_badge_sale_background_gradient.label"
            },
            {
                "type": "color",
                "id": "colors_badge_sale_foreground",
                "label": "t:settings_schema.colors.settings.colors_badge_sale_foreground.label"
            },
            {
                "type": "color",
                "id": "colors_badge_soldout_background",
                "label": "t:settings_schema.colors.settings.colors_badge_soldout_background.label"
            },
            {
                "type": "color_background",
                "id": "colors_badge_soldout_background_gradient",
                "label": "t:settings_schema.colors.settings.colors_badge_soldout_background_gradient.label"
            },
            {
                "type": "color",
                "id": "colors_badge_soldout_foreground",
                "label": "t:settings_schema.colors.settings.colors_badge_soldout_foreground.label"
            },
            {
                "type": "color",
                "id": "colors_badge_new__background_color",
                "label": "t:settings_schema.colors.settings.colors_badge_new__background_color.label"
            },
            {
                "type": "color_background",
                "id": "colors_badge_new__background_gradient",
                "label": "t:settings_schema.colors.settings.colors_badge_new__background_gradient.label"
            },
            {
                "type": "color",
                "id": "colors_badge_new__foreground_color",
                "label": "t:settings_schema.colors.settings.colors_badge_new__foreground_color.label"
            },
            {
                "type": "color",
                "id": "colors_badge_preorder__background_color",
                "label": "t:settings_schema.colors.settings.colors_badge_preorder__background_color.label"
            },
            {
                "type": "color_background",
                "id": "colors_badge_preorder__background_gradient",
                "label": "t:settings_schema.colors.settings.colors_badge_preorder__background_gradient.label"
            },
            {
                "type": "color",
                "id": "colors_badge_preorder__foreground_color",
                "label": "t:settings_schema.colors.settings.colors_badge_preorder__foreground_color.label"
            },
            {
                "type": "header",
                "content": "t:settings_schema.colors.settings.header__6.content"
            },
            {
                "type": "color",
                "id": "in_stock_label_color",
                "label": "t:settings_schema.colors.settings.in_stock_label_color.label"
            },
            {
                "type": "color",
                "id": "out_of_stock_label_color",
                "label": "t:settings_schema.colors.settings.out_of_stock_label_color.label"
            },
            {
                "type": "header",
                "content": "t:settings_schema.colors.settings.header__7.content"
            },
            {
                "type": "color",
                "id": "grid_item_bg_color",
                "label": "t:settings_schema.colors.settings.grid_item_bg_color.label"
            }
        ]
    },
    {
        "name": "t:settings_schema.typography.name",
        "settings": [
            {
                "type": "header",
                "content": "t:settings_schema.typography.settings.header__1.content"
            },
            {
                "type": "font_picker",
                "id": "type_header_font",
                "default": "open_sans_n4",
                "label": "t:settings_schema.typography.settings.type_header_font.label",
                "info": "t:settings_schema.typography.settings.type_header_font.info"
            },
            {
                "type": "range",
                "id": "font_heading_size",
                "min": 12,
                "max": 96,
                "step": 2,
                "default": 36,
                "unit": "px",
                "label": "t:settings_schema.typography.settings.font_heading_size.label"
            },
            {
                "type": "checkbox",
                "id": "bold_first_heading_word",
                "label": "t:settings_schema.typography.settings.bold_first_heading_word.label",
                "info": "t:settings_schema.typography.settings.bold_first_heading_word.info",
                "default": true
            },
            {
                "type": "header",
                "content": "t:settings_schema.typography.settings.header__2.content"
            },
            {
                "type": "font_picker",
                "id": "type_body_font",
                "default": "open_sans_n4",
                "label": "t:settings_schema.typography.settings.type_body_font.label",
                "info": "t:settings_schema.typography.settings.type_body_font.info"
            },
            {
                "type": "header",
                "content": "t:settings_schema.typography.settings.header__3.content"
            },
            {
                "type": "range",
                "id": "type_layout_max_width",
                "label": "t:settings_schema.typography.settings.type_layout_max_width.label",
                "info": "t:settings_schema.typography.settings.type_layout_max_width.info",
                "min": 980,
                "max": 1400,
                "step": 20,
                "default": 1200
            }
        ]
    },
    {
        "name": "t:settings_schema.social-media.name",
        "settings": [
            {
                "type": "header",
                "content": "t:settings_schema.social-media.settings.header__1.content"
            },
            {
                "type": "checkbox",
                "id": "share_facebook",
                "label": "t:settings_schema.social-media.settings.share_facebook.label"
            },
            {
                "type": "checkbox",
                "id": "share_twitter",
                "label": "t:settings_schema.social-media.settings.share_twitter.label"
            },
            {
                "type": "checkbox",
                "id": "share_pinterest",
                "label": "t:settings_schema.social-media.settings.share_pinterest.label"
            },
            {
                "type": "header",
                "content": "t:settings_schema.social-media.settings.header__2.content"
            },
            {
                "type": "text",
                "id": "social_twitter_link",
                "label": "t:settings_schema.social-media.settings.social_twitter_link.label",
                "info": "t:settings_schema.social-media.settings.social_twitter_link.info"
            },
            {
                "type": "text",
                "id": "social_facebook_link",
                "label": "t:settings_schema.social-media.settings.social_facebook_link.label",
                "info": "t:settings_schema.social-media.settings.social_facebook_link.info"
            },
            {
                "type": "text",
                "id": "social_pinterest_link",
                "label": "t:settings_schema.social-media.settings.social_pinterest_link.label",
                "info": "t:settings_schema.social-media.settings.social_pinterest_link.info"
            },
            {
                "type": "text",
                "id": "social_instagram_link",
                "label": "t:settings_schema.social-media.settings.social_instagram_link.label",
                "info": "t:settings_schema.social-media.settings.social_instagram_link.info"
            },
            {
                "type": "text",
                "id": "social_tiktok_link",
                "label": "t:settings_schema.social-media.settings.social_tiktok_link.label",
                "info": "t:settings_schema.social-media.settings.social_tiktok_link.info"
            },
            {
                "type": "text",
                "id": "social_tumblr_link",
                "label": "t:settings_schema.social-media.settings.social_tumblr_link.label",
                "info": "t:settings_schema.social-media.settings.social_tumblr_link.info"
            },
            {
                "type": "text",
                "id": "social_snapchat_link",
                "label": "t:settings_schema.social-media.settings.social_snapchat_link.label",
                "info": "t:settings_schema.social-media.settings.social_snapchat_link.info"
            },
            {
                "type": "text",
                "id": "social_youtube_link",
                "label": "t:settings_schema.social-media.settings.social_youtube_link.label",
                "info": "t:settings_schema.social-media.settings.social_youtube_link.info"
            },
            {
                "type": "text",
                "id": "social_vimeo_link",
                "label": "t:settings_schema.social-media.settings.social_vimeo_link.label",
                "info": "t:settings_schema.social-media.settings.social_vimeo_link.info"
            },
            {
                "type": "text",
                "id": "social_linkedin_link",
                "label": "t:settings_schema.social-media.settings.social_linkedin_link.label",
                "info": "t:settings_schema.social-media.settings.social_linkedin_link.info"
            },
            {
                "type": "text",
                "id": "social_whatsapp_link",
                "label": "t:settings_schema.social-media.settings.social_whatsapp_link.label",
                "info": "t:settings_schema.social-media.settings.social_whatsapp_link.info"
            }
        ]
    },
    {
        "name": "t:settings_schema.badge.name",
        "settings": [
            {
                "type": "header",
                "content": "t:settings_schema.badge.settings.header__0.content"
            },
            {
                "type": "text",
                "id": "badge_custom__text",
                "label": "t:settings_schema.badge.settings.badge_custom__text.label"
            },
            {
                "type": "select",
                "id": "badge_custom__position",
                "label": "t:settings_schema.badge.settings.badge_custom__position.label",
                "options": [
                    {
                        "value": "none",
                        "label": "t:settings_schema.badge.position.none"
                    },
                    {
                        "value": "top-left",
                        "label": "t:settings_schema.badge.position.top_left"
                    },
                    {
                        "value": "top-right",
                        "label": "t:settings_schema.badge.position.top_right"
                    },
                    {
                        "value": "bottom-right",
                        "label": "t:settings_schema.badge.position.bottom_right"
                    },
                    {
                        "value": "bottom-left",
                        "label": "t:settings_schema.badge.position.bottom_left"
                    }
                ]
            },
            {
                "type": "header",
                "content": "t:settings_schema.badge.settings.header__1.content"
            },
            {
                "type": "text",
                "id": "badge_onsale__text",
                "label": "t:settings_schema.badge.settings.badge_onsale__text.label"
            },
            {
                "type": "select",
                "id": "badge_onsale__position",
                "label": "t:settings_schema.badge.settings.badge_onsale__position.label",
                "options": [
                    {
                        "value": "none",
                        "label": "t:settings_schema.badge.position.none"
                    },
                    {
                        "value": "top-left",
                        "label": "t:settings_schema.badge.position.top_left"
                    },
                    {
                        "value": "top-right",
                        "label": "t:settings_schema.badge.position.top_right"
                    },
                    {
                        "value": "bottom-right",
                        "label": "t:settings_schema.badge.position.bottom_right"
                    },
                    {
                        "value": "bottom-left",
                        "label": "t:settings_schema.badge.position.bottom_left"
                    }
                ]
            },
            {
                "type": "checkbox",
                "id": "show_sale_badge_discount",
                "label": "t:settings_schema.badge.settings.show_sale_badge_discount.label"
            },
            {
                "type": "header",
                "content": "t:settings_schema.badge.settings.header__2.content"
            },
            {
                "type": "text",
                "id": "badge_soldout__text",
                "label": "t:settings_schema.badge.settings.badge_soldout__text.label"
            },
            {
                "type": "select",
                "id": "badge_soldout__position",
                "label": "t:settings_schema.badge.settings.badge_soldout__position.label",
                "options": [
                    {
                        "value": "none",
                        "label": "t:settings_schema.badge.position.none"
                    },
                    {
                        "value": "top-left",
                        "label": "t:settings_schema.badge.position.top_left"
                    },
                    {
                        "value": "top-right",
                        "label": "t:settings_schema.badge.position.top_right"
                    },
                    {
                        "value": "bottom-right",
                        "label": "t:settings_schema.badge.position.bottom_right"
                    },
                    {
                        "value": "bottom-left",
                        "label": "t:settings_schema.badge.position.bottom_left"
                    }
                ]
            },
            {
                "type": "header",
                "content": "t:settings_schema.badge.settings.header__3.content"
            },
            {
                "type": "text",
                "id": "badge_new__text",
                "label": "t:settings_schema.badge.settings.badge_new__text.label"
            },
            {
                "type": "select",
                "id": "badge_new__position",
                "label": "t:settings_schema.badge.settings.badge_new__position.label",
                "options": [
                    {
                        "value": "none",
                        "label": "t:settings_schema.badge.position.none"
                    },
                    {
                        "value": "top-left",
                        "label": "t:settings_schema.badge.position.top_left"
                    },
                    {
                        "value": "top-right",
                        "label": "t:settings_schema.badge.position.top_right"
                    },
                    {
                        "value": "bottom-right",
                        "label": "t:settings_schema.badge.position.bottom_right"
                    },
                    {
                        "value": "bottom-left",
                        "label": "t:settings_schema.badge.position.bottom_left"
                    }
                ]
            },
            {
                "type": "header",
                "content": "t:settings_schema.badge.settings.header__4.content"
            },
            {
                "type": "text",
                "id": "badge_preorder__text",
                "label": "t:settings_schema.badge.settings.badge_preorder__text.label"
            },
            {
                "type": "select",
                "id": "badge_preorder__position",
                "label": "t:settings_schema.badge.settings.badge_preorder__position.label",
                "options": [
                    {
                        "value": "none",
                        "label": "t:settings_schema.badge.position.none"
                    },
                    {
                        "value": "top-left",
                        "label": "t:settings_schema.badge.position.top_left"
                    },
                    {
                        "value": "top-right",
                        "label": "t:settings_schema.badge.position.top_right"
                    },
                    {
                        "value": "bottom-right",
                        "label": "t:settings_schema.badge.position.bottom_right"
                    },
                    {
                        "value": "bottom-left",
                        "label": "t:settings_schema.badge.position.bottom_left"
                    }
                ]
            },
            {
                "type": "header",
                "content": "t:settings_schema.badge.settings.header__5.content"
            },
            {
                "type": "range",
                "id": "badges_border_radius_value",
                "min": 0,
                "max": 1.5,
                "step": 0.1,
                "default": 1.5,
                "unit": "rem",
                "label": "t:settings_schema.badge.settings.badges_border_radius_value"
            }
        ]
    },
    {
        "name": "t:sections.all.product-card.header",
        "settings": [
            {
                "type": "select",
                "id": "product_card_image_ratio",
                "label": "t:sections.all.product-card.image_ratio_default.label",
                "options": [
                    {
                        "value": "native",
                        "label": "t:sections.all.product-card.image_ratio.options.native"
                    },
                    {
                        "value": "1",
                        "label": "t:sections.all.product-card.image_ratio.options.1_by_1"
                    },
                    {
                        "value": "5/4",
                        "label": "t:sections.all.product-card.image_ratio.options.4_by_5"
                    },
                    {
                        "value": "contain",
                        "label": "t:sections.all.product-card.image_ratio.options.contain"
                    }
                ]
            },
            {
                "type": "checkbox",
                "id": "use_media_transparent",
                "label": "t:sections.all.product-card.use_media_transparent.label"
            },
            {
                "type": "checkbox",
                "id": "product_card_secondary_image",
                "label": "t:sections.all.product-card.show_secondary_image.label"
            },
            {
                "type": "checkbox",
                "id": "product_card_vendor",
                "label": "t:sections.all.product-card.show_vendor.label"
            },
            {
                "type": "checkbox",
                "id": "price_label",
                "label": "t:settings_schema.product-card.settings.price_label.label"
            },
            {
                "type": "checkbox",
                "id": "product_card_hover_effect",
                "label": "t:settings_schema.product-card.settings.product_card_hover_effect.label"
            },
            {
                "type": "checkbox",
                "id": "compare_products",
                "label": "t:settings_schema.product-card.settings.compare_products.label"
            },
            {
                "type": "checkbox",
                "id": "product_card_rating",
                "label": "t:settings_schema.product-card.settings.product_card_rating.label",
                "info": "t:settings_schema.product-card.settings.product_card_rating.info"
            },
            {
                "type": "checkbox",
                "id": "control_items_height",
                "label": "t:settings_schema.product-card.settings.control_items_height.label",
                "info": "t:settings_schema.product-card.settings.control_items_height.info"
            },
            {
                "type": "range",
                "id": "item_height",
                "min": 300,
                "max": 450,
                "step": 2,
                "default": 412,
                "unit": "t:settings_schema.product-card.settings.item_height.unit",
                "label": "t:settings_schema.product-card.settings.item_height.label"
            }
        ]
    },
    {
        "name": "t:settings_schema.contact.name",
        "settings": [
            {
                "type": "text",
                "id": "contact_phone",
                "label": "t:settings_schema.contact.settings.contact_phone.label"
            },
            {
                "type": "text",
                "id": "contact_email",
                "label": "t:settings_schema.contact.settings.contact_email.label"
            }
        ]
    },
    {
        "name": "t:settings_schema.predictive-search.name",
        "settings": [
            {
                "type": "checkbox",
                "id": "predictive_search_enabled",
                "label": "t:settings_schema.predictive-search.settings.predictive_search_enabled.label"
            },
            {
                "type": "checkbox",
                "id": "predictive_search_show_stock",
                "label": "t:settings_schema.predictive-search.settings.predictive_search_show_stock.label"
            },
            {
                "type": "range",
                "id": "predictive_search_min_query_length",
                "label": "t:settings_schema.predictive-search.settings.predictive_search_min_query_length.label",
                "info": "t:settings_schema.predictive-search.settings.predictive_search_min_query_length.info",
                "min": 0,
                "max": 10,
                "default": 3
            },
            {
                "type": "checkbox",
                "id": "predictive_search_show_collections",
                "label": "t:settings_schema.predictive-search.settings.predictive_search_show_collections.label"
            },
            {
                "type": "checkbox",
                "id": "predictive_search_show_pages",
                "label": "t:settings_schema.predictive-search.settings.predictive_search_show_pages.label"
            },
            {
                "type": "checkbox",
                "id": "predictive_search_show_articles",
                "label": "t:settings_schema.predictive-search.settings.predictive_search_show_articles.label"
            },
            {
                "type": "checkbox",
                "id": "predictive_search_view_all_button",
                "label": "t:settings_schema.predictive-search.settings.predictive_search_view_all_button.label"
            }
        ]
    },
    {
        "name": "t:settings_schema.cart.name",
        "settings": [
            {
                "type": "checkbox",
                "id": "minicart_enabled",
                "label": "t:settings_schema.cart.settings.minicart_enabled.label"
            },
            {
                "type": "select",
                "id": "minicart_type",
                "label": "t:settings_schema.cart.settings.minicart_type.label",
                "options": [
                    {
                        "value": "drawer",
                        "label": "t:settings_schema.cart.settings.minicart_type.drawer"
                    },
                    {
                        "value": "dropdown",
                        "label": "t:settings_schema.cart.settings.minicart_type.dropdown"
                    }
                ]
            },
            {
                "type": "checkbox",
                "id": "minicart_show_sku",
                "label": "t:settings_schema.cart.settings.minicart_show_sku.label"
            },
            {
                "type": "checkbox",
                "id": "minicart_link_to_cart",
                "label": "t:settings_schema.cart.settings.minicart_link_to_cart.label"
            },
            {
                "type": "checkbox",
                "id": "minicart_overlay_enabled",
                "label": "t:settings_schema.cart.settings.minicart_overlay_enabled.label",
                "info": "t:settings_schema.cart.settings.minicart_overlay_enabled.info"
            }
        ]
    },
    {
        "name": "t:settings_schema.overlay.name",
        "settings": [
            {
                "type": "range",
                "id": "overlay_transparenty",
                "min": 0,
                "max": 1,
                "step": 0.1,
                "default": 0.5,
                "label": "t:settings_schema.overlay.settings.overlay_transparenty.label"
            },
            {
                "type": "checkbox",
                "id": "enable_overlay_blur",
                "label": "t:settings_schema.overlay.settings.enable_overlay_blur.label"
            },
            {
                "type": "range",
                "id": "overlay_blur",
                "min": 0,
                "max": 1,
                "step": 0.1,
                "default": 0,
                "label": "t:settings_schema.overlay.settings.overlay_blur.label"
            }
        ]
    },
    {
        "name": "t:settings_schema.elements_design.name",
        "settings": [
            {
                "type": "checkbox",
                "id": "use_elements_border_radius",
                "label": "t:settings_schema.elements_design.settings.use_elements_border_radius"
            },
            {
                "type": "paragraph",
                "content": "t:settings_schema.elements_design.settings.paragraph__1.content"
            },
            {
                "type": "range",
                "id": "button_border_radius_value",
                "min": 0,
                "max": 1.5,
                "step": 0.1,
                "default": 1.5,
                "unit": "rem",
                "label": "t:settings_schema.elements_design.settings.button_border_radius_value"
            },
            {
                "type": "paragraph",
                "content": "t:settings_schema.elements_design.settings.paragraph__2.content"
            },
            {
                "type": "range",
                "id": "swatches_border_radius_value",
                "min": 0,
                "max": 1.5,
                "step": 0.1,
                "default": 1.5,
                "unit": "rem",
                "label": "t:settings_schema.elements_design.settings.swatches_border_radius_value"
            }
        ]
    },
    {
        "name": "t:settings_schema.color_swatches.name",
        "settings": [
            {
                "type": "checkbox",
                "id": "use_color_swatches_list",
                "label": "t:settings_schema.color_swatches.settings.use_color_swatches_list.label",
                "default": false
            },
            {
                "type": "textarea",
                "id": "color_swatches_list",
                "label": "t:settings_schema.color_swatches.settings.color_swatches_list.label",
                "info": "t:settings_schema.color_swatches.settings.color_swatches_list.info",
                "default": "KY02Ssliver:#C0C0C0, Black-polarizedlight:#808080, KY03blue:#00FFFF"
            }
        ]
    },
    {
        "name": "t:settings_schema.buttons.name",
        "settings": [
            {
                "type": "checkbox",
                "id": "show_icon_arrow",
                "label": "t:settings_schema.buttons.settings.show_icon_arrow.label",
                "default": false
            },
            {
                "type": "range",
                "id": "button_paddings_y",
                "min": 0,
                "max": 1,
                "step": 0.1,
                "default": 0.5,
                "unit": "rem",
                "label": "t:settings_schema.buttons.settings.button_paddings_y.label"
            },
            {
                "type": "range",
                "id": "button_paddings_x",
                "min": 0,
                "max": 1.5,
                "step": 0.1,
                "default": 0.8,
                "unit": "rem",
                "label": "t:settings_schema.buttons.settings.button_paddings_x.label"
            },
            {
                "type": "checkbox",
                "id": "show_button_ring_on_hover",
                "label": "t:settings_schema.buttons.settings.show_button_ring_on_hover.label",
                "info": "t:settings_schema.buttons.settings.show_button_ring_on_hover.info",
                "default": false
            }
        ]
    }
]
