{"sections":{"collection":{"type":"main-collection","blocks":{"filters":{"type":"filters","settings":{"position":"main","show_colors_as_swatches":true,"show_color_swatch_labels":true,"animation_on_reveal":false}},"title":{"type":"title","settings":{"animation_on_reveal":true}},"description":{"type":"description","settings":{"is_collapsed":true,"initial_lines":5}},"products":{"type":"products","settings":{"show_sorting":true,"show_mode":true,"mode":"grid","per_page":12,"columns":4,"is_preload":false,"pagination_type":"pagination_list","badge_size":"sm","image_ratio":"settings|product_card_image_ratio","show_description":false,"show_swatch_options_color":false,"show_to_cart_button":true,"animation_on_reveal":true}},"image":{"type":"image","disabled":true,"settings":{"ratio":"1\/3"}},"featured":{"type":"featured","disabled":true,"settings":{"heading":"Spesial tilbud","source":[],"products_per_page":8,"columns":4,"is_random":true,"is_preload":false,"badge_size":"sm","image_ratio":"settings|product_card_image_ratio","show_to_cart_button":true,"animation_on_reveal":true,"cover_text_color":"#ffffff","cover_background":"#ff580d"}}},"block_order":["filters","title","description","products","image","featured"],"settings":{}},"icons_bar":{"type":"icons-bar","blocks":{"icon-bar-1":{"type":"icon","settings":{"icon":"truck","text":"<p><b>ITEM BAR TITLE<\/b><\/p><p>Share shipping, delivery, policy information.<\/p>","text_position":"right"}},"icon-bar-2":{"type":"icon","settings":{"icon":"clock","text":"<p><b>ITEM BAR TITLE<\/b><\/p><p>Share shipping, delivery, policy information.<\/p>","text_position":"right"}},"icon-bar-3":{"type":"icon","settings":{"icon":"calendar","text":"<p><b>ITEM BAR TITLE<\/b><\/p><p>Share shipping, delivery, policy information.<\/p>","text_position":"right"}},"icon-bar-4":{"type":"icon","settings":{"icon":"clipboard-check","text":"<p><b>ITEM BAR TITLE<\/b><\/p><p>Share shipping, delivery, policy information.<\/p>","text_position":"right"}}},"block_order":["icon-bar-1","icon-bar-2","icon-bar-3","icon-bar-4"],"disabled":true,"settings":{"color_scheme":"background-2","visibility":"all","swipe_on_mobile":true,"border":false,"shadow":false,"separator":false,"animation_on_reveal":true,"control_vertical_margins":0.5,"alignment_items_inside_flexbox":"center","slideshow_ui_type":"buttons"}}},"order":["collection","icons_bar"]}