{"sections":{"image_slider":{"type":"slideshow","blocks":{"blue":{"type":"image","settings":{"title":"Image","image":"shopify:\/\/shop_images\/xav-9550es.webp","link":"https:\/\/bilfreak.no\/products\/sony-xav-9550es-media-receiver-tradlos-10-1-floating-hires-skjerm","video_url":"","content_title":"","description":"","button_title":"","button_link":"","slideshow_content_position":"left","slideshow_content_background":"#d4d8da","slideshow_content_background_opacity":95,"slideshow_content_foreground":"#2e2e2e","slideshow_content_button_background":"#1b7cfa","slideshow_content_button_foreground":"#ffffff"}},"image_Td6yfW":{"type":"image","settings":{"title":"","image":"shopify:\/\/shop_images\/RetroSound.webp","link":"https:\/\/bilfreak.no\/collections\/retrosound","video_url":"","content_title":"","description":"","button_title":"","button_link":"","slideshow_content_position":"left","slideshow_content_background":"#c0c0c0","slideshow_content_background_opacity":90,"slideshow_content_foreground":"#2e2e2e","slideshow_content_button_background":"#000000","slideshow_content_button_foreground":"#ffffff"}},"green":{"type":"image","settings":{"title":"Image","image":"shopify:\/\/shop_images\/xav-ax4050-xav-ax6050.webp","link":"https:\/\/bilfreak.no\/products\/sony-xav-ax6050-media-receiver-tradlos-7-lcd-dab-bt-tradlos-ac-og-aa","video_url":"","content_title":"","description":"","button_title":"","button_link":"","slideshow_content_position":"left","slideshow_content_background":"#d4d8da","slideshow_content_background_opacity":95,"slideshow_content_foreground":"#2e2e2e","slideshow_content_button_background":"#1e8060","slideshow_content_button_foreground":"#ffffff"}},"black":{"type":"image","disabled":true,"settings":{"title":"Image","link":"#\/","video_url":"","content_title":"Image Banner","description":"Give customers details about the banner image(s) or content on the template","button_title":"Shop Now","button_link":"","slideshow_content_position":"left","slideshow_content_background":"#d4d8da","slideshow_content_background_opacity":95,"slideshow_content_foreground":"#2e2e2e","slideshow_content_button_background":"#000000","slideshow_content_button_foreground":"#ffffff"}}},"block_order":["blue","image_Td6yfW","green","black"],"settings":{"color_bg":"#d4d8da","max_width":"","loop":true,"autoplay":false,"delay":"10","slides_per_view":"1","slide_height":"adapt_image","scope_visibility":"all_screens","navigation":true,"pagination":true,"slider_content_animation":true,"slider_preload_first":true}},"collage_RegMTX":{"type":"collage","blocks":{"video_PGK4nm":{"type":"video","settings":{"cover_text":"","internal_video_link":"","video_width":100,"autoplay_internal_video":true,"video_url":"https:\/\/youtu.be\/AIsIQLTqKFE?si=QFCKBS6SOmd5bhgi","description":"","content_position":"right","text_font_size":4.5,"text_color":"#ffffff","content_background":"#c0c0c0","content_background_opacity":0,"inner_paddings":6}}},"block_order":["video_PGK4nm"],"settings":{"heading":"","heading_size":"h2","desktop_layout":"left","mobile_layout":"collage"}},"icons_bar":{"type":"icons-bar","blocks":{"icon-bar-1":{"type":"icon","settings":{"icon":"truck","text":"<p><b>ITEM BAR TITLE<\/b><\/p><p>Share shipping, delivery, policy information.<\/p>","text_position":"right"}},"icon-bar-2":{"type":"icon","settings":{"icon":"clock","text":"<p><b>ITEM BAR TITLE<\/b><\/p><p>Share shipping, delivery, policy information.<\/p>","text_position":"right"}},"icon-bar-3":{"type":"icon","settings":{"icon":"calendar","text":"<p><b>ITEM BAR TITLE<\/b><\/p><p>Share shipping, delivery, policy information.<\/p>","text_position":"right"}},"icon-bar-4":{"type":"icon","settings":{"icon":"clipboard-check","text":"<p><b>ITEM BAR TITLE<\/b><\/p><p>Share shipping, delivery, policy information.<\/p>","text_position":"right"}}},"block_order":["icon-bar-1","icon-bar-2","icon-bar-3","icon-bar-4"],"disabled":true,"settings":{"color_scheme":"background-2","visibility":"all","swipe_on_mobile":true,"border":false,"shadow":false,"separator":false,"animation_on_reveal":true,"control_vertical_margins":0.5,"alignment_items_inside_flexbox":"center","slideshow_ui_type":"buttons"}},"home-banners-1":{"type":"multicolumn","blocks":{"col-1":{"type":"column","settings":{"title":"Banner Title","sub_title":"Up to 50% off","text":"<p>Describe a product, make announcements.<\/p>","link":"","link_appearance":"image_link","button_label":"Shop now","image_enabled":true,"image_position":"contain","image_spaced":false,"show_outline":false,"add_cover":true,"cover_background":"#e13124","cover_background_gradient":"","color_title":"#ffffff","color_text":"#ffffff","bg_color_subtitle":"#2e2e2e","subtitle_background_gradient":"","use_bold_heading":false}},"col-2":{"type":"column","settings":{"title":"Banner Title","sub_title":"Up to 80% off","text":"<p>Describe a product, make announcements.<\/p>","link":"","link_appearance":"image_link","button_label":"Shop now","image_enabled":true,"image_position":"contain","image_spaced":false,"show_outline":false,"add_cover":true,"cover_background":"#101824","cover_background_gradient":"","color_title":"#ffffff","color_text":"#ffffff","bg_color_subtitle":"#106ff0","subtitle_background_gradient":"","use_bold_heading":false}}},"block_order":["col-1","col-2"],"disabled":true,"settings":{"title":"","title_size":"h2","image_width":"w-1\/2","image_ratio":"adapt","column_alignment":"left","column_direction":"row-reverse","button_label":"","button_link":"","view_all_appearance":"button","swipe_on_mobile":false,"content_animation":true,"animation_on_reveal":false}},"highlight-magazine-headphones":{"type":"featured-collection","blocks":{"section_title_Jm8KMj":{"type":"section_title","settings":{"title":"","title_size":"h2"}}},"block_order":["section_title_Jm8KMj"],"custom_css":[],"settings":{"title":"Hardstone Mobile Media","heading_size":"h2","subtitle":"","collection":"hardstone-mobile-media","products_to_show":8,"products_per_row":4,"swipe_on_mobile":true,"show_mobile_scrollbar":true,"show_box_shadow":true,"animation_on_reveal":true,"slideshow_ui_type":"buttons","show_view_all":true,"view_all_appearance":"button","view_all_position":"bottom","badge_size":"lg","image_ratio":"settings|product_card_image_ratio","show_to_cart_button":true,"add_cover":true,"image_position":"cover","cover_text_color":"#ffffff","cover_background":"#000000","cover_background_gradient":"","cover_button_text_color":"#ffffff","cover_button_background":"#101824","cover_button_background_gradient":""}},"highlight-magazine-smartphones":{"type":"featured-collection","blocks":{"section_title_AEC3ki":{"type":"section_title","settings":{"title":"","title_size":"h2"}}},"block_order":["section_title_AEC3ki"],"settings":{"title":"Marine Forsterkere","heading_size":"h2","subtitle":"","collection":"hertz-marine-forsterkere","products_to_show":8,"products_per_row":4,"swipe_on_mobile":true,"show_mobile_scrollbar":true,"show_box_shadow":true,"animation_on_reveal":true,"slideshow_ui_type":"buttons","show_view_all":true,"view_all_appearance":"button","view_all_position":"bottom","badge_size":"sm","image_ratio":"settings|product_card_image_ratio","show_to_cart_button":true,"add_cover":true,"image_position":"cover","cover_text_color":"#ffffff","cover_background":"#e13124","cover_background_gradient":"","cover_button_text_color":"#333333","cover_button_background":"#ffffff","cover_button_background_gradient":""}},"highlight-magazine-activity":{"type":"featured-collection","settings":{"title":"RetroSound","heading_size":"h2","subtitle":"","collection":"retrosound-1","products_to_show":8,"products_per_row":4,"swipe_on_mobile":true,"show_mobile_scrollbar":true,"show_box_shadow":true,"animation_on_reveal":true,"slideshow_ui_type":"buttons","show_view_all":true,"view_all_appearance":"button","view_all_position":"bottom","badge_size":"sm","image_ratio":"settings|product_card_image_ratio","show_to_cart_button":true,"add_cover":true,"image_position":"cover","cover_text_color":"#ffffff","cover_background":"#1e8060","cover_background_gradient":"","cover_button_text_color":"#333333","cover_button_background":"#ffffff","cover_button_background_gradient":""}},"favourite_products":{"type":"featured-collection","settings":{"title":"Marine Basselementer","heading_size":"h2","subtitle":"","collection":"basselementer","products_to_show":12,"products_per_row":6,"swipe_on_mobile":true,"show_mobile_scrollbar":true,"show_box_shadow":true,"animation_on_reveal":true,"slideshow_ui_type":"buttons","show_view_all":true,"view_all_appearance":"link","view_all_position":"title","badge_size":"sm","image_ratio":"settings|product_card_image_ratio","show_to_cart_button":true,"add_cover":false,"image_position":"cover","cover_text_color":"#ffffff","cover_background":"#1c73f5","cover_background_gradient":"","cover_button_text_color":"#333333","cover_button_background":"#ffffff","cover_button_background_gradient":""}},"our_collections":{"type":"our-list-collections","settings":{"heading":"Utforsk våre kolleksjoner","heading_size":"h2","collection_list":[],"sort":"date_reversed","collection_url":"shopify:\/\/collections","view_all_appearance":"link","cols":10,"collections_per_row":5,"image_position":"cover","show_mobile_scrollbar":true,"slideshow_ui_type":"buttons","show_item_border":false,"swipe_on_desktop":false,"animation_on_reveal":false,"cover_background":"#f4f4f5","cover_text_color":"#000000","title_cover_background":"#ffffff"}},"modern_gadgets":{"type":"image-with-text","blocks":{"title":{"type":"heading","settings":{"heading":"Image with text","heading_font_size":48}},"content":{"type":"text","settings":{"text":"<p>Pair text with an image to focus on your chosen product, collection, or blog post.<p>"}},"action":{"type":"button","settings":{"button_label":"View all","button_link":""}}},"block_order":["title","content","action"],"disabled":true,"settings":{"full_width":false,"two_column_layout":true,"layout":"image_first","enable_image_transform_scale":true,"animation_on_reveal":true,"text_align":"left","cover_text_color":"#ffffff","cover_background":"#101824","cover_background_gradient":""}},"featured_recent_posts":{"type":"featured-blog","blocks":{"post_title":{"type":"title","settings":{"title_size":28,"show_date":true,"date_format":"day_month_year","show_icon_calendar":true,"show_author":true}},"post_content":{"type":"summary","settings":{"truncate_words":"10"}}},"block_order":["post_title","post_content"],"disabled":true,"settings":{"heading":"Fremhevede nyeste innlegg","heading_size":"h2","blog":"news","show_image":true,"post_limit":3,"show_view_all":true,"view_all_appearance":"button_secondary","show_mobile_scrollbar":true,"slideshow_ui_type":"buttons","animation_on_reveal":true}},"border_separator":{"type":"separator","settings":{"border_height":1,"border_color":""}},"about_store":{"type":"rich-text","blocks":{"title":{"type":"heading","settings":{"heading":"About ChargeShop","heading_size":"h2","use_heading_style":true}},"content":{"type":"text","settings":{"text":"<p>Talk about your shop. Share information about your shop with your customers. Describe a product, make announcements.<\/p>"}},"button":{"type":"button","settings":{"button_label":"Button label","button_link":"","view_all_appearance":"button"}}},"block_order":["title","content","button"],"disabled":true,"settings":{"color_scheme":"background-1","full_width":false,"content_width":45,"content_position":"center","animation_on_reveal":false}},"home-brands-slider":{"type":"slideshow","blocks":{"sony":{"type":"image","settings":{"title":"Image","link":"#\/","video_url":"","content_title":"","description":"","button_title":"","button_link":"","slideshow_content_position":"left","slideshow_content_background":"#c0c0c0","slideshow_content_background_opacity":90,"slideshow_content_foreground":"#2e2e2e","slideshow_content_button_background":"#000000","slideshow_content_button_foreground":"#ffffff"}},"apple":{"type":"image","settings":{"title":"Image","link":"#\/","video_url":"","content_title":"","description":"","button_title":"","button_link":"","slideshow_content_position":"left","slideshow_content_background":"#c0c0c0","slideshow_content_background_opacity":90,"slideshow_content_foreground":"#2e2e2e","slideshow_content_button_background":"#000000","slideshow_content_button_foreground":"#ffffff"}},"garmin":{"type":"image","settings":{"title":"Image","link":"#\/","video_url":"","content_title":"","description":"","button_title":"","button_link":"","slideshow_content_position":"left","slideshow_content_background":"#c0c0c0","slideshow_content_background_opacity":90,"slideshow_content_foreground":"#2e2e2e","slideshow_content_button_background":"#000000","slideshow_content_button_foreground":"#ffffff"}},"htc":{"type":"image","settings":{"title":"Image","link":"#\/","video_url":"","content_title":"","description":"","button_title":"","button_link":"","slideshow_content_position":"left","slideshow_content_background":"#c0c0c0","slideshow_content_background_opacity":90,"slideshow_content_foreground":"#2e2e2e","slideshow_content_button_background":"#000000","slideshow_content_button_foreground":"#ffffff"}},"intel":{"type":"image","settings":{"title":"Image","link":"#\/","video_url":"","content_title":"","description":"","button_title":"","button_link":"","slideshow_content_position":"left","slideshow_content_background":"#c0c0c0","slideshow_content_background_opacity":90,"slideshow_content_foreground":"#2e2e2e","slideshow_content_button_background":"#000000","slideshow_content_button_foreground":"#ffffff"}},"motorola":{"type":"image","settings":{"title":"Image","link":"#\/","video_url":"","content_title":"","description":"","button_title":"","button_link":"","slideshow_content_position":"left","slideshow_content_background":"#c0c0c0","slideshow_content_background_opacity":90,"slideshow_content_foreground":"#2e2e2e","slideshow_content_button_background":"#000000","slideshow_content_button_foreground":"#ffffff"}},"nike":{"type":"image","settings":{"title":"Image","link":"#\/","video_url":"","content_title":"","description":"","button_title":"","button_link":"","slideshow_content_position":"left","slideshow_content_background":"#c0c0c0","slideshow_content_background_opacity":90,"slideshow_content_foreground":"#2e2e2e","slideshow_content_button_background":"#000000","slideshow_content_button_foreground":"#ffffff"}},"samsung":{"type":"image","settings":{"title":"Image","link":"#\/","video_url":"","content_title":"","description":"","button_title":"","button_link":"","slideshow_content_position":"left","slideshow_content_background":"#c0c0c0","slideshow_content_background_opacity":90,"slideshow_content_foreground":"#2e2e2e","slideshow_content_button_background":"#000000","slideshow_content_button_foreground":"#ffffff"}}},"block_order":["sony","apple","garmin","htc","intel","motorola","nike","samsung"],"disabled":true,"settings":{"color_bg":"#ffffff","max_width":"","loop":true,"autoplay":true,"delay":"10","slides_per_view":"7","slide_height":"auto","scope_visibility":"all_screens","navigation":true,"pagination":false,"slider_content_animation":true,"slider_preload_first":false}},"172244931125f3c4b3":{"type":"apps","blocks":{"google_reviews_plus_app_block_FkrQry":{"type":"shopify:\/\/apps\/google-reviews-plus\/blocks\/app-block\/d11c8893-a181-4aff-a280-7446d42cec3b","settings":{}}},"block_order":["google_reviews_plus_app_block_FkrQry"],"settings":{"include_margins":true}}},"order":["image_slider","collage_RegMTX","icons_bar","home-banners-1","highlight-magazine-headphones","highlight-magazine-smartphones","highlight-magazine-activity","favourite_products","our_collections","modern_gadgets","featured_recent_posts","border_separator","about_store","home-brands-slider","172244931125f3c4b3"]}