{"sections":{"main":{"type":"main-list-collections","settings":{"title":"Kolleksjoner","heading_size":"h2","sort":"alphabetical","image_ratio":"circle","items_per_page":24,"cols":4,"collection_title_size":24,"pagination_type":"pagination_list","show_descriptions_on_desktop":false,"qty_words_to_show":"10","hide_images_on_mobile":false,"animation_on_reveal":true}},"icons_bar":{"type":"icons-bar","blocks":{"icon-bar-1":{"type":"icon","disabled":true,"settings":{"icon":"truck","text":"<p><b>ITEM BAR TITLE<\/b><\/p><p>Share shipping, delivery, policy information.<\/p>","text_position":"right"}},"icon-bar-2":{"type":"icon","settings":{"icon":"clock","text":"<p><b>ITEM BAR TITLE<\/b><\/p><p>Share shipping, delivery, policy information.<\/p>","text_position":"right"}},"icon-bar-3":{"type":"icon","settings":{"icon":"calendar","text":"<p><b>ITEM BAR TITLE<\/b><\/p><p>Share shipping, delivery, policy information.<\/p>","text_position":"right"}},"icon-bar-4":{"type":"icon","settings":{"icon":"clipboard-check","text":"<p><b>ITEM BAR TITLE<\/b><\/p><p>Share shipping, delivery, policy information.<\/p>","text_position":"right"}}},"block_order":["icon-bar-1","icon-bar-2","icon-bar-3","icon-bar-4"],"settings":{"color_scheme":"background-2","visibility":"all","swipe_on_mobile":true,"border":false,"shadow":false,"separator":false,"animation_on_reveal":true,"control_vertical_margins":0.5,"alignment_items_inside_flexbox":"center","slideshow_ui_type":"buttons"}}},"order":["main","icons_bar"]}