{"sections":{"main":{"type":"main-page","settings":{"layout_max_width":780,"animation_on_reveal":true}},"form":{"type":"contact-form","blocks":{"block-1":{"type":"contact_us","settings":{"title":"Har du spørsmål?","title_size":"h2","subtitle":"Hvis du ønsker å lære mer om oss og våre produkter, kontakt oss!","company_info":"<p><strong>Bilfreak AS<\/strong><\/p><p>Smedgata 12 B<\/p><p>3717 Porsgrunn<\/p><p>Vestfold og Telemark<\/p><p>Norge \/ Norway<\/p>","contact_info":"Kontakt Info","show_social_icons":true,"social_heading":"Følg Oss i Sosiale Medier"}},"block-2":{"type":"location","disabled":true,"settings":{"api_key":"","position_latitude":"","position_longitude":"","street_address":"","postcode":"","city":"","region_id":"","country_id":"","phone":"","email":""}}},"block_order":["block-1","block-2"],"settings":{"animation_on_reveal":true}},"icons_bar":{"type":"icons-bar","blocks":{"icon-bar-1":{"type":"icon","settings":{"icon":"truck","text":"<p><b>ITEM BAR TITLE<\/b><\/p><p>Share shipping, delivery, policy information.<\/p>","text_position":"right"}},"icon-bar-2":{"type":"icon","settings":{"icon":"clock","text":"<p><b>ITEM BAR TITLE<\/b><\/p><p>Share shipping, delivery, policy information.<\/p>","text_position":"right"}},"icon-bar-3":{"type":"icon","settings":{"icon":"calendar","text":"<p><b>ITEM BAR TITLE<\/b><\/p><p>Share shipping, delivery, policy information.<\/p>","text_position":"right"}},"icon-bar-4":{"type":"icon","settings":{"icon":"clipboard-check","text":"<p><b>ITEM BAR TITLE<\/b><\/p><p>Share shipping, delivery, policy information.<\/p>","text_position":"right"}}},"block_order":["icon-bar-1","icon-bar-2","icon-bar-3","icon-bar-4"],"disabled":true,"settings":{"color_scheme":"background-2","visibility":"all","swipe_on_mobile":true,"border":false,"shadow":false,"separator":false,"animation_on_reveal":true,"control_vertical_margins":0.5,"alignment_items_inside_flexbox":"center","slideshow_ui_type":"buttons"}}},"order":["main","form","icons_bar"]}