{"sections":{"main":{"type":"main-page","settings":{"layout_max_width":780,"animation_on_reveal":true}},"icons_bar":{"type":"icons-bar","blocks":{"icon-bar-1":{"type":"icon","settings":{"icon":"truck","text":"<p><b>ITEM BAR TITLE<\/b><\/p><p>Share shipping, delivery, policy information.<\/p>","text_position":"right"}},"icon-bar-2":{"type":"icon","settings":{"icon":"clock","text":"<p><b>ITEM BAR TITLE<\/b><\/p><p>Share shipping, delivery, policy information.<\/p>","text_position":"right"}},"icon-bar-3":{"type":"icon","settings":{"icon":"calendar","text":"<p><b>ITEM BAR TITLE<\/b><\/p><p>Share shipping, delivery, policy information.<\/p>","text_position":"right"}},"icon-bar-4":{"type":"icon","settings":{"icon":"clipboard-check","text":"<p><b>ITEM BAR TITLE<\/b><\/p><p>Share shipping, delivery, policy information.<\/p>","text_position":"right"}}},"block_order":["icon-bar-1","icon-bar-2","icon-bar-3","icon-bar-4"],"disabled":true,"settings":{"color_scheme":"background-2","visibility":"all","swipe_on_mobile":true,"border":false,"shadow":false,"separator":false,"animation_on_reveal":true,"control_vertical_margins":0.5,"alignment_items_inside_flexbox":"center","slideshow_ui_type":"buttons"}}},"order":["main","icons_bar"]}