{"sections":{"main":{"type":"main-product","blocks":{"title":{"type":"title","settings":{"text_before":"{{ product.vendor }}","text_after":"","show_rating":true,"show_sku":true,"show_price":true,"show_badges":true}},"manage_stock":{"type":"manage_stock","settings":{"stock_counter":"10","show_social_sharing":true}},"gallery":{"type":"gallery","settings":{"show_badges":true,"control_image_size":100,"badge_size":"lg"}},"price":{"type":"price","settings":{"show_badges":true,"show_tax_message":false}},"variant_picker":{"type":"variant_picker","disabled":true,"settings":{"picker_type":"dropdown","mark_unavailable_variants":true}},"quantity_selector":{"type":"quantity_selector","settings":{}},"buy_buttons":{"type":"buy_buttons","settings":{"show_dynamic_checkout":true,"gift_card_show_recipient_form":true,"dynamic_checkout_color_scheme":"inverse","set_up_preorder":false}},"description":{"type":"description","disabled":true,"settings":{"is_collapsed":true,"initial_lines":3}},"pickup":{"type":"pickup","disabled":true,"settings":{}}},"block_order":["title","manage_stock","gallery","price","variant_picker","quantity_selector","buy_buttons","description","pickup"],"settings":{"enable_sticky_info":true,"animation_on_reveal":true,"enable_quick_add":false,"show_product_img":true,"show_product_variants":true}},"product-tabs":{"type":"product-tabs","blocks":{"description":{"type":"description","settings":{"heading":"Beskrivelse"}},"details":{"type":"details","settings":{"heading":"Detaljer","details_position":"details_in_list"}},"reviews":{"type":"reviews","settings":{"heading":"Kundeanmeldelser"}},"similar":{"type":"similar","settings":{"heading":"Lignende produkter","source":[],"is_random":true,"products_per_page":6,"badge_size":"sm","image_ratio":"settings|product_card_image_ratio","swipe_on_mobile":true,"slideshow_ui_type":"buttons","show_swatch_options_color":false,"show_to_cart_button":true}}},"block_order":["description","details","reviews","similar"],"settings":{"tabs_layout":"collapsed","animation_on_reveal":false}},"product-bought-together":{"type":"product-bought-together","disabled":true,"settings":{"heading":"Ofte kjøpt sammen","heading_size":"h3","source":"{{ product.metafields[\"shopify--discovery--product_recommendation\"].related_products.value }}","is_random":true,"products_per_page":4,"enable_slider_buttons":true,"slideshow_ui_type":"buttons","badge_size":"sm","image_ratio":"settings|product_card_image_ratio","animation_on_reveal":true}},"product-recommendations":{"type":"product-recommendations","disabled":true,"settings":{"heading":"Kunder kjøpte også","heading_size":"h3","products_per_page":5,"use_search_and_discovery_app":true,"product_list":[],"swipe_on_mobile":true,"slideshow_ui_type":"buttons","badge_size":"sm","image_ratio":"settings|product_card_image_ratio","show_swatch_options_color":false,"show_to_cart_button":true,"animation_on_reveal":true}},"product-complementary":{"type":"product-complementary","settings":{"heading":"Komplementære produkter","heading_size":"h3","products_per_page":5,"use_search_and_discovery_app":true,"product_list":"{{ product.metafields[\"shopify--discovery--product_recommendation\"].complementary_products.value }}","swipe_on_mobile":true,"slideshow_ui_type":"buttons","badge_size":"sm","image_ratio":"settings|product_card_image_ratio","show_swatch_options_color":false,"show_to_cart_button":true,"animation_on_reveal":true}},"icons_bar":{"type":"icons-bar","blocks":{"icon-bar-1":{"type":"icon","settings":{"icon":"truck","text":"<p><b>ITEM BAR TITLE<\/b><\/p><p>Share shipping, delivery, policy information.<\/p>","text_position":"right"}},"icon-bar-2":{"type":"icon","settings":{"icon":"clock","text":"<p><b>ITEM BAR TITLE<\/b><\/p><p>Share shipping, delivery, policy information.<\/p>","text_position":"right"}},"icon-bar-3":{"type":"icon","settings":{"icon":"calendar","text":"<p><b>ITEM BAR TITLE<\/b><\/p><p>Share shipping, delivery, policy information.<\/p>","text_position":"right"}},"icon-bar-4":{"type":"icon","settings":{"icon":"clipboard-check","text":"<p><b>ITEM BAR TITLE<\/b><\/p><p>Share shipping, delivery, policy information.<\/p>","text_position":"right"}}},"block_order":["icon-bar-1","icon-bar-2","icon-bar-3","icon-bar-4"],"disabled":true,"settings":{"color_scheme":"background-2","visibility":"all","swipe_on_mobile":true,"border":false,"shadow":false,"separator":false,"animation_on_reveal":true,"control_vertical_margins":0.5,"alignment_items_inside_flexbox":"center","slideshow_ui_type":"buttons"}}},"order":["main","product-tabs","product-bought-together","product-recommendations","product-complementary","icons_bar"]}