{"current":{"check_theme_style":"default","superscript_decimals":true,"show_swatch_colors":false,"scroll_top_enabled":true,"animation_on_reveal":true,"logo_position":"middle","show_search_icon_only":true,"show_login_icon_on_mobile":true,"show_switcher_language_flag":true,"colors_accent_1":"#E13124","colors_accent_1_inverse":"#ffffff","colors_accent_2":"#1e8060","colors_accent_2_inverse":"#ffffff","colors_text":"#2e2e2e","colors_link":"#E13124","colors_final_price":"#E13124","colors_background_1":"#FFFFFF","colors_background_2":"#F4F4F5","colors_background_gradient":"","colors_header_text":"#ffffff","colors_header_background":"#101824","colors_header_background_gradient":"","colors_header_dd_background":"#fafafa","colors_header_dd_text":"#2e2e2e","colors_header_dd_third_level_background":"#f1f1f1","colors_header_dd_third_level_text":"#2e2e2e","colors_footer_background":"#262c34","colors_footer_contacts_background_gradient":"","colors_footer_background_gradient":"","colors_footer_foreground":"#ffffff","colors_badge_custom_background":"#ff580d","colors_badge_custom_foreground":"#FFFFFF","colors_badge_sale_background":"#E13124","colors_badge_sale_background_gradient":"","colors_badge_sale_foreground":"#FFFFFF","colors_badge_soldout_background":"#A9A9A9","colors_badge_soldout_background_gradient":"","colors_badge_soldout_foreground":"#000000","colors_badge_new__background_color":"#7fb800","colors_badge_new__background_gradient":"","colors_badge_new__foreground_color":"#FFFFFF","colors_badge_preorder__background_color":"#00a6ed","colors_badge_preorder__background_gradient":"","colors_badge_preorder__foreground_color":"#FFFFFF","in_stock_label_color":"#1E8060","out_of_stock_label_color":"#A9A9A9","grid_item_bg_color":"#FFFFFF","type_header_font":"open_sans_n4","font_heading_size":36,"type_body_font":"open_sans_n4","type_layout_max_width":1200,"share_facebook":true,"share_twitter":true,"share_pinterest":true,"social_twitter_link":"https:\/\/x.com\/bilfreak","social_facebook_link":"https:\/\/www.facebook.com\/bilfreakas","social_pinterest_link":"https:\/\/es.pinterest.com\/bilfreak\/","social_instagram_link":"https:\/\/www.instagram.com\/bilfreak.no","social_tiktok_link":"https:\/\/www.tiktok.com\/@bilfreak.no","social_tumblr_link":"","social_snapchat_link":"","social_youtube_link":"https:\/\/www.youtube.com\/@Bilfreak","social_vimeo_link":"","social_linkedin_link":"https:\/\/www.linkedin.com\/in\/edin-nokto-359b462b4\/","badge_custom__text":"","badge_custom__position":"top-right","badge_onsale__text":"Tilbud","badge_onsale__position":"top-left","show_sale_badge_discount":true,"badge_soldout__text":"Utsolgt","badge_soldout__position":"bottom-left","badge_new__text":"New arrival","badge_new__position":"top-left","badge_preorder__text":"Pre-order","badge_preorder__position":"top-left","badges_border_radius_value":1.5,"product_card_image_ratio":"native","use_media_transparent":true,"product_card_secondary_image":true,"product_card_vendor":true,"price_label":true,"product_card_hover_effect":true,"compare_products":true,"product_card_rating":true,"control_items_height":false,"contact_phone":"📞 +4792983443","contact_email":"📨 edin@bilfreak.no","predictive_search_enabled":true,"predictive_search_show_stock":false,"predictive_search_min_query_length":3,"predictive_search_show_collections":true,"predictive_search_show_pages":true,"predictive_search_show_articles":true,"predictive_search_view_all_button":true,"minicart_enabled":true,"minicart_type":"dropdown","minicart_show_sku":false,"minicart_link_to_cart":true,"minicart_overlay_enabled":false,"enable_overlay_blur":true,"overlay_blur":0.4,"use_elements_border_radius":false,"use_color_swatches_list":true,"show_icon_arrow":true,"button_paddings_y":0.5,"button_paddings_x":0.8,"show_button_ring_on_hover":true,"colors_accent_1_gradient":"","sections":{"overlay":{"type":"overlay","blocks":{"overlay-0":{"type":"popup","disabled":true,"settings":{"text":"<h4>Subscribe to our emails<\/h4><p>Sign up for our newsletter to get the latest news about our company, your favorite products, and great deals.<\/p>","subscribe_newsletter":true,"image_url":"","showup_when":"exit_intent","showup_frequency":"weekly"}}},"block_order":["overlay-0"],"settings":{}},"compare-products":{"type":"compare-products","settings":{"sticky_table_header":false,"show_add_to_cart":true,"show_product_description":true,"show_product_vendor":true,"show_product_sku":true,"show_product_rating":true,"truncate_product_description":"50","link_color":"#ffffff","link_bg_color":"#f54336"}}},"content_for_index":[],"blocks":{"15683396631634586217":{"type":"shopify:\/\/apps\/inbox\/blocks\/chat\/841fc607-4181-4ad1-842d-e24d7f8bad6b","disabled":false,"settings":{"button_color":"#000000","secondary_color":"#FFFFFF","ternary_color":"#6A6A6A","button_icon":"chat_bubble","button_text":"chat_with_us","button_horizontal_position":"bottom_right","button_vertical_position":"lowest","greeting_message":""}},"2326504073756833932":{"type":"shopify:\/\/apps\/vipps-mobilepay-companion\/blocks\/vippslogo-block\/46265abd-78e3-4040-985b-519c47957219","disabled":false,"settings":{"brand":"vipps"}},"1935445597218932304":{"type":"shopify:\/\/apps\/avada-seo-suite\/blocks\/avada-seo\/15507c6e-1aa3-45d3-b698-7e175e033440","disabled":false,"settings":{}},"12732002020968342082":{"type":"shopify:\/\/apps\/avada-seo-suite\/blocks\/avada-critical-css\/15507c6e-1aa3-45d3-b698-7e175e033440","disabled":false,"settings":{}},"9010622670419788200":{"type":"shopify:\/\/apps\/avada-seo-suite\/blocks\/avada-site-verification\/15507c6e-1aa3-45d3-b698-7e175e033440","disabled":false,"settings":{"google_search_console":"","bing_webmaster_tools":"","baidu_webmaster_tools":"","pinterest":"","yandex_webmaster_tools":""}},"14060646107696862457":{"type":"shopify:\/\/apps\/judge-me-reviews\/blocks\/judgeme_core\/61ccd3b1-a9f2-4160-9fe9-4fec8413e5d8","disabled":false,"settings":{}},"1074493345574519553":{"type":"shopify:\/\/apps\/one-ai-email-sms-marketing\/blocks\/embed-pixel\/e2660a3c-4398-468f-b8cb-e4e470225df5","disabled":true,"settings":{}},"13768625480086291342":{"type":"shopify:\/\/apps\/forms\/blocks\/forms\/8744a304-fcb1-4347-b211-bb6b4759a76a","disabled":true,"settings":{}},"14190008716408616819":{"type":"shopify:\/\/apps\/avada-email-marketing-sms\/blocks\/app-embed-popup\/3c307d0f-4ec6-4f80-ba42-05314248b065","disabled":false,"settings":{}},"6174324309569838175":{"type":"shopify:\/\/apps\/smile-io\/blocks\/smile-shopify-app\/2fae4e25-1841-4ea2-bc02-bd548478c4f6","disabled":false,"settings":{}}}},"presets":{"Default":{"check_theme_style":"default","type_header_font":"open_sans_n4","type_body_font":"open_sans_n4","superscript_decimals":false,"show_swatch_colors":false,"scroll_top_enabled":true,"logo_position":"left","show_search_icon_only":false,"show_login_icon_on_mobile":false,"show_switcher_language_flag":true,"colors_accent_1":"#E13124","colors_accent_1_gradient":"","colors_accent_1_inverse":"#ffffff","colors_accent_2":"#1e8060","colors_accent_2_inverse":"#ffffff","colors_text":"#2e2e2e","colors_link":"#E13124","colors_final_price":"#E13124","colors_background_1":"#FFFFFF","colors_background_2":"#F4F4F5","colors_background_gradient":"","colors_header_text":"#ffffff","colors_header_background":"#101824","colors_header_background_gradient":"","colors_header_dd_background":"#fafafa","colors_header_dd_text":"#2e2e2e","colors_header_dd_third_level_background":"#f1f1f1","colors_header_dd_third_level_text":"#2e2e2e","colors_footer_background":"#262c34","colors_footer_foreground":"#ffffff","colors_footer_contacts_background_gradient":"","colors_footer_background_gradient":"","colors_badge_custom_background":"#ff580d","colors_badge_custom_foreground":"#FFFFFF","colors_badge_sale_background":"#E13124","colors_badge_sale_foreground":"#FFFFFF","colors_badge_sale_background_gradient":"","colors_badge_soldout_background":"#A9A9A9","colors_badge_soldout_foreground":"#000000","colors_badge_soldout_background_gradient":"","colors_badge_new__background_color":"#7fb800","colors_badge_new__background_gradient":"","colors_badge_new__foreground_color":"#FFFFFF","colors_badge_preorder__background_color":"#00a6ed","colors_badge_preorder__background_gradient":"","colors_badge_preorder__foreground_color":"#FFFFFF","in_stock_label_color":"#1E8060","out_of_stock_label_color":"#A9A9A9","font_heading_size":36,"type_layout_max_width":1200,"share_facebook":true,"share_twitter":true,"share_pinterest":true,"social_twitter_link":"","social_facebook_link":"","social_pinterest_link":"","social_instagram_link":"","social_tiktok_link":"","social_tumblr_link":"","social_snapchat_link":"","social_youtube_link":"","social_vimeo_link":"","social_linkedin_link":"","badge_custom__text":"","badge_custom__position":"top-right","badge_onsale__position":"top-left","show_sale_badge_discount":true,"badge_onsale__text":"Sale","badge_soldout__text":"Sold out","badge_soldout__position":"bottom-left","badge_new__text":"New arrival","badge_new__position":"top-left","badge_preorder__text":"Pre-order","badge_preorder__position":"top-left","badges_border_radius_value":1.5,"grid_item_bg_color":"#FFFFFF","product_card_image_ratio":"1","product_card_secondary_image":true,"product_card_vendor":true,"price_label":true,"product_card_hover_effect":true,"product_card_rating":true,"compare_products":false,"use_media_transparent":false,"control_items_height":false,"contact_phone":"+01 122 334 566","contact_email":"contact@shopifycharge.com","predictive_search_enabled":true,"predictive_search_show_stock":false,"predictive_search_min_query_length":3,"predictive_search_show_collections":true,"predictive_search_show_pages":true,"predictive_search_show_articles":true,"predictive_search_view_all_button":true,"minicart_enabled":true,"minicart_type":"dropdown","minicart_show_sku":false,"minicart_link_to_cart":true,"minicart_overlay_enabled":false,"enable_overlay_blur":false,"overlay_blur":0.4,"use_color_swatches_list":true,"use_elements_border_radius":false,"show_icon_arrow":true,"button_paddings_y":0.5,"button_paddings_x":0.8,"animation_on_reveal":true},"Gorpcore":{"check_theme_style":"light","type_header_font":"dm_sans_n4","type_body_font":"dm_sans_n4","superscript_decimals":false,"show_swatch_colors":true,"scroll_top_enabled":true,"logo_position":"middle","show_search_icon_only":true,"show_login_icon_on_mobile":false,"show_switcher_language_flag":true,"colors_accent_1":"#642F64","colors_accent_1_gradient":"","colors_accent_1_inverse":"#ffffff","colors_accent_2":"#ECD5C0","colors_accent_2_inverse":"#ffffff","colors_text":"#2e2e2e","colors_link":"#E13124","colors_final_price":"#000000","colors_background_1":"#FFFFFF","colors_background_2":"#F4F4F5","colors_background_gradient":"","colors_header_text":"#000000","colors_header_background":"#ffffff","colors_header_background_gradient":"","colors_header_dd_background":"#fafafa","colors_header_dd_text":"#2e2e2e","colors_header_dd_third_level_background":"#f1f1f1","colors_header_dd_third_level_text":"#2e2e2e","colors_footer_background":"#1f2735","colors_footer_foreground":"#ffffff","colors_footer_contacts_background_gradient":"","colors_footer_background_gradient":"","colors_badge_custom_background":"#ff580d","colors_badge_custom_foreground":"#FFFFFF","colors_badge_sale_background":"#E13124","colors_badge_sale_foreground":"#FFFFFF","colors_badge_sale_background_gradient":"","colors_badge_soldout_background":"#A9A9A9","colors_badge_soldout_foreground":"#000000","colors_badge_soldout_background_gradient":"","colors_badge_new__background_color":"#7fb800","colors_badge_new__background_gradient":"","colors_badge_new__foreground_color":"#FFFFFF","colors_badge_preorder__background_color":"#00a6ed","colors_badge_preorder__background_gradient":"","colors_badge_preorder__foreground_color":"#FFFFFF","in_stock_label_color":"#1E8060","out_of_stock_label_color":"#A9A9A9","font_heading_size":48,"type_layout_max_width":1200,"share_facebook":true,"share_twitter":true,"share_pinterest":true,"social_twitter_link":"","social_facebook_link":"","social_pinterest_link":"","social_instagram_link":"","social_tiktok_link":"","social_tumblr_link":"","social_snapchat_link":"","social_youtube_link":"","social_vimeo_link":"","social_linkedin_link":"","badge_custom__text":"","badge_custom__position":"top-left","badge_onsale__position":"top-right","show_sale_badge_discount":false,"badge_onsale__text":"Sale","badge_soldout__text":"Sold out","badge_soldout__position":"bottom-left","badge_new__text":"New arrival","badge_new__position":"top-left","badge_preorder__text":"Pre-order","badge_preorder__position":"top-left","badges_border_radius_value":0.125,"grid_item_bg_color":"#F4F4F5","product_card_image_ratio":"1","product_card_secondary_image":true,"product_card_vendor":true,"price_label":false,"product_card_hover_effect":true,"product_card_rating":true,"compare_products":true,"use_media_transparent":false,"control_items_height":false,"contact_phone":"+01 122 334 566","contact_email":"contact@shopifycharge.com","predictive_search_enabled":true,"predictive_search_show_stock":false,"predictive_search_min_query_length":3,"predictive_search_show_collections":true,"predictive_search_show_pages":true,"predictive_search_show_articles":true,"predictive_search_view_all_button":true,"minicart_enabled":true,"minicart_type":"drawer","minicart_show_sku":false,"minicart_link_to_cart":true,"minicart_overlay_enabled":true,"enable_overlay_blur":true,"overlay_blur":0.4,"use_color_swatches_list":true,"use_elements_border_radius":true,"show_icon_arrow":false,"button_paddings_y":0.5,"button_paddings_x":1.5,"animation_on_reveal":true}}}